customer_id,name,region
bdd640fb-0667-4ad1-9c80-317fa3b1799d,Brittany Moran,Oklahoma
571aa876-6c30-4511-b2b9-437a28df6ec4,Taylor Walker,Texas
ec1b8ca1-f91e-4d4c-9ff4-9b7889463e85,Tammy Parsons,Hawaii
a5e5a5ab-aefc-4ad8-afc8-9849b3aa7efe,Monica Evans,Maryland
3838b326-8e94-4239-b02b-61c4a3d70628,Susan Moore,New York
6dadd6c7-95a7-4d79-bf3c-4c06434308bc,James Henderson,Maine
c0398710-8976-4334-a281-7efdae849217,Gregory Myers,California
a39231a7-d777-4477-8c66-e0a8a013ac6e,Nicholas Campbell,Maine
d0e6e660-7c69-4ee1-bb5e-4bcf15ed6269,Meredith Kelley,Alabama
a65e688e-abf3-4d39-bec2-1bbe66245bfa,Frank Moody,New Jersey
7c441fe7-ab42-40a7-874a-493b3ceddf2d,Amy Michael,Arizona
6712303a-0f84-4fef-9931-e9eea56c0941,Matthew Ray,Indiana
2a935d62-3c83-4dc0-9944-1fa5c0e9ab30,John Merritt,Maine
0f9aea4b-8acd-4e10-bc59-4585944528c0,Robert Gonzalez,Pennsylvania
91d63f78-e3e9-4e99-b10c-718b1eb0e38a,Heidi Chase,Delaware
369147eb-89a2-488b-92c1-36e019985f15,Richard Garrison,Arkansas
8dfa6a56-d12d-4c9a-aaf9-15310200b1f0,William Shelton,New York
00e85ece-0b49-452d-86d4-83f3d450281c,Anthony Kelly,Maryland
0ab54bde-20a0-4502-ae06-809725e97977,Tony Wilson,Alabama
0658663a-698c-406f-a1a4-7e102d534dd0,Gina Hamilton,Nevada
09e9db0a-df46-4290-a1ee-411a1bac27a7,Nathan Sanchez,Minnesota
98b8e4cc-1bc0-44fc-89cb-394243f59a85,James Turner,Texas
6703b636-5380-4904-a88c-7015aab97e49,Carrie Mcgee,Alabama
15b52908-a8aa-4158-ab70-e525bc67f831,Wendy Lambert,Arkansas
fbe33b24-3eae-4032-8bd4-a9900640be0f,John Meyers,Kentucky
aae65fc1-76f2-4bfe-8d29-a36f222282e1,Mark Wallace,Florida
d701410d-3f4b-4a70-8074-718e425a609f,Bruce Martinez,Minnesota
c51155ff-e7a3-4e81-a3b4-c08b6b8e869f,Susan Walker,Maine
907bfe36-9786-48f8-a4de-82e6e82c7d7b,Victoria Mendoza,North Carolina
c083b73a-473b-4358-a10e-6a64e1301617,Anna Watkins,Texas
5e6fea07-c453-4f1d-8199-2fdfb31022f0,Zachary Park,Wyoming
ad66a1bd-9367-4a02-8fdc-6e1bedcb8cb6,Calvin Nguyen,Oklahoma
6efb63b1-1b04-4863-bd7d-dbedd284476c,Shannon Medina,Georgia
ab0e664e-9c3e-42d5-91e1-aa9676f72255,Michael Long,Colorado
cafda613-72bb-412d-bda6-7785b63b4dc3,Rachel Moreno,Virginia
b8a6171f-1ee3-4dc4-bb04-8a8b405bfdc9,Ryan Ryan,Louisiana
31b1b099-d527-41e7-99bc-143efb02bebb,Marissa Molina,Georgia
a34b6cf6-2053-4a42-b1af-db65b289f224,Matthew Wilson,Washington
ca6dfda1-989b-44da-9b37-a22b6a8a616f,Melissa Smith,Illinois
1238d630-743b-45a2-9c0f-2fcfb3f6fe0d,Ernest Williams,Nevada
670acc5c-b321-4f21-8dd8-eb85b04d3376,Marissa Miller,Pennsylvania
ac9ed156-f63f-4e41-ba9a-ca5e176132ed,Paul Miller,Colorado
a2814044-6f96-4882-95d8-2980ff37d19c,Edwin Burch,Maine
f85e06a1-1dad-49b2-92c2-1221409d3602,William Barrett,Iowa
341c6494-0d36-4dfc-828e-bd7071299889,Angel Bautista,Arizona
b495db4e-8245-4fb4-8ab7-706eb77350ca,Elaine Ferguson,New Mexico
96418ced-d664-4264-8c6e-27ffb9de7a3a,John Edwards,Minnesota
f6febc0e-7ecd-4baf-a6f0-5fcffb16e5db,Yesenia Obrien,Kansas
78308930-1327-41bc-a784-378ff84f16b3,Melissa Bates,Utah
fa745761-6f18-4108-9723-199dbf2c14a0,Andrew Thomas,South Dakota
90e0a95b-697c-4923-87fa-841a3e83b91f,Cindy Anderson,Missouri
75a66981-4104-48b5-a34d-b7c5760debbb,Leslie Ramirez,Nevada
3cb98350-1b4d-40fe-bbb3-8605da743152,Jennifer Pierce,Montana
e91e314e-0c8e-49e3-b93e-08d5bea29dfe,Matthew Martin,Connecticut
d69d42f1-ae4c-44ff-a8c0-1f05c478f6f1,Tony Rhodes,Kentucky
6a5e6920-bf5a-47e6-93a3-dd5a4b8c5bdc,Briana Harris,Maryland
2408a6dc-1346-41a9-b680-2cdb77e490c7,Debra Schultz,Rhode Island
f1738856-e25d-46eb-9e9a-9f83066803ee,Michelle Elliott,Maryland
e3236d1a-3c1b-4acc-98e1-93311dba1267,Kayla Martin,Idaho
fb1e143b-196f-4dfa-9cd8-fe1adafec8a9,Emily French,Oregon
3ba5cd2f-dea4-4c19-9024-3d723748967f,Victor Wright,Nevada
c72c1fe3-72c2-4a16-b9eb-4168104556e5,Joseph Sutton,Utah
6d204496-66d0-4371-98e8-8ebb7a9e8eef,Gary Davis,Massachusetts
b64fa54a-8c61-4654-95da-75c1a21150f9,Paula Thomas,Pennsylvania
18578baf-bac7-42b9-aa7e-4c3666132e69,Denise Garcia,Florida
49a214ae-f7e8-48e5-8d2b-91efb8976ec5,Courtney Lynn,Utah
deaf528d-2e70-4838-8190-262059dcabd0,Becky Fox,Wyoming
0cbd3c03-9e2a-44ac-8122-b5b3284c03d2,Leah Roman,Illinois
4ef492c1-aac9-4316-86e5-27537c93f6cc,Gregory Armstrong,Kentucky
4169b9fc-c3a0-4c6f-a321-d1e1c47104c0,Devin Garcia,Florida
5024bdc6-dcb3-4df3-93ee-cdc6ebd14d2c,Evan Walton,Nebraska
2b0abedd-c774-44cb-9543-fc3c38b8f24e,Robert Byrd,Oklahoma
1a5165ca-3c7c-4d85-a5cf-0041d0a643fe,Kristen Macias,Illinois
dd3f487e-52bd-4661-9fe0-a8c7fc8d5b93,Kevin Green,Maryland
dd3f7d7e-a508-4c95-93a4-a492497de16d,Michelle Sandoval,Maryland
73557b9d-0fd6-447e-b52d-4af2269ed4c9,Keith Adams,Colorado
707df251-fdb1-429e-b010-ed13b526b22d,Margaret Wood,Maryland
4082cbb9-48bd-4b3e-a2f5-df2badaa44ca,Megan Barnes,Oregon
577bc55a-36d5-4494-b37f-d50d2e25b5ee,Jeffrey Gomez,South Dakota
218c6e1c-9e37-4f7a-842c-bc39e05b46c5,Dustin Cisneros,New Jersey
e76adca9-7811-4802-88cc-7cfecf01f944,Michelle Bradshaw,Ohio
0d5ba7cd-4000-45f0-9f7d-0dd7236e1608,Mark Miller,Idaho
14e4180c-fe99-46a3-a2db-c8503c5bf3a7,Randy Bruce,Missouri
ba2c0f19-f0b2-45d1-8c7e-6f422646eaf9,Angela Allen,Nevada
f4124360-1153-4e99-9c50-8720f982f4e0,Kenneth Miller,Connecticut
c5811d2d-1a89-471e-a0d5-72c8a837fe68,Timothy Stokes,Florida
4f612217-eef1-4694-90ca-e32d0aba590e,Travis Rhodes,North Dakota
ba220065-1526-4718-8d18-0a824447ceab,Breanna Jimenez,New Hampshire
83599af6-5d01-455f-a7fd-64c4a334058a,Megan Patel,Vermont
084a6780-9136-41f8-b310-46dc6202bee6,Adrian Lee,Massachusetts
ae92ea71-cf7d-4b43-9679-742fff4c96d6,Adrienne Coleman,North Carolina
ca55e38b-3c9a-4e10-a38d-6f44cac4d0eb,Haley Gamble,Utah
5128b9b1-f8ed-40ca-a015-6a7212e153a6,Tami Kidd,Virginia
de431e06-e924-4069-80bb-ae526ec01269,Melinda Williams,Minnesota
4027ab7d-1430-49a9-988f-1c9448b763d5,Christopher Conrad,New Jersey
43c07d43-93a7-4792-8561-b8dca4364fcd,Stephanie Thompson,Minnesota
dc8a4922-5005-480f-a4c7-78a59b4e164b,Casey Gomez,Nevada
24108e9a-3f77-4cae-b318-b96d44790612,Jon Jackson,New Jersey
7faeb748-7781-421e-83c5-01cbfef7d9ea,Gail Shelton,Nebraska
c38c1dec-5da3-4a73-ba3d-f7ff43b47ee5,Sarah Hodge,Nebraska
9f8cc29f-fd35-4c5f-9347-9a3b479bc637,John Baker,New Jersey
518b2f21-9cf2-4859-ae6e-2e7253f591dc,Mark Long,Alaska
fada98f5-1c0f-4bdc-ac7e-937c54cc1e2a,Tanya Haley,Oklahoma
6b352f85-504e-4687-b0e7-e75604d9145e,Stephanie Walls,Alaska
5ab28d4a-8bd8-4fcd-97a2-be4e887b03e5,Sarah Brown,Wyoming
7ad465a1-5129-450d-bd2f-4e58b47a1c5b,Joe Evans,Nebraska
58ab4778-143b-45e3-b6d1-f6bbf48f709c,Gregory Bowen,Colorado
ab7a3d1c-0cfe-4683-be11-bafe3d4196fe,Adam Jordan,Wisconsin
88ffbd40-3b72-486d-92fa-675fa6fd0cb1,Joseph Roach,Florida
bfbeac7a-efc5-4738-afb2-1e667ed17aab,Thomas Smith,South Carolina
54a7b69b-1cd6-4b09-8f0e-6d2b315c167a,Danielle Ruiz,Maryland
83e96ef4-6d7d-45d0-93b5-9af767ce378f,Jacob Mcclain,Kansas
3c7e5368-b159-4847-9c0b-9b10a757cb10,Debra Mayo,Pennsylvania
1e0ef546-b0b6-4edf-8f9c-4027c5144d98,Jessica Taylor,North Carolina
899ac252-c1e1-494a-b888-3058e9ad0e9b,Abigail Stephenson,Mississippi
95492a82-b787-4f8d-b495-311eae27d432,Ashley Mitchell,Florida
78d9a88a-ef0b-4a4f-bc73-7d9211ab3d11,Jason Rivera,South Carolina
de9f6f5b-72d3-4458-a1ea-2f30e42e707a,Melvin Vaughan,Ohio
fa8dae42-ba54-4920-a099-d18087623997,Victoria Wilson,Oregon
1ce362f8-c3f7-45fe-b99b-2b5ae00da49d,Jon Maldonado Jr.,Maine
0b531932-bd94-49aa-bea6-e5b20c760d28,Phyllis Ross,Arkansas
f2d2393f-8e85-440d-8f9a-eb7046707cd6,Natalie Petersen,Wisconsin
0ec0713d-ea2c-4a51-b688-d11fce4758be,Tyler Sparks,Montana
7ab99428-378e-4510-8f10-d33eabe42e7d,Gregory Smith,Florida
775c30b5-6173-4c48-8876-9153c68813fe,Amber Gallegos,Montana
90019ed4-0bb4-41e7-a9f7-53f1501ba851,Kyle Smith,Texas
d253d966-c36b-4a0a-81e0-2a89566a9ce7,Douglas Miller,Alabama
116658ce-3b3f-4800-a175-a9c3d7b102a9,Luke Daniel,New Jersey
892621df-4655-48b7-b8e1-9f568787ea21,Douglas Wilson,Wisconsin
b27e1442-fd7f-4973-be42-df5b90a3fbbf,Michael Estrada,North Dakota
0ae4ac11-eb4d-4f42-8735-70a2e5110961,John Patton,New Jersey
905f9096-2996-46e2-8c9d-690713b22cec,Nicholas Carr,Arkansas
8033f5c2-1413-464d-b962-c8a7b076a7dc,Scott Fuller,Colorado
4499d0a6-1500-4170-92d1-5585b68e47fa,Bryan Morales,Arkansas
5a9a206a-16f1-42a2-86b9-19aa1a7167c7,Corey Thomas,Louisiana
5c72aebd-13b1-4e59-885c-d7147bf69552,Curtis Lin,Tennessee
f280df1d-9a6c-4db9-9217-1c884ce953a7,Joseph Graves,Connecticut
64976593-c92e-4c93-9105-c8d647c1c017,Courtney Simmons,Michigan
cc351e4f-703e-457f-b5ab-8466b5578b00,Jeffery Williams,Rhode Island
eb9ed274-ec6a-47ad-81b1-5db988cc4d49,Jack Hahn,Connecticut
38d5101f-423c-4d9d-993e-478302b34254,Danielle Jacobson,Maine
b25f13df-b8d4-4848-b02b-a49f18fdd2b9,Aaron Guerrero,Oregon
6544e313-6ea0-4d13-a845-54c3a3f66c61,Dustin Ramirez,New Mexico
10042d82-cbc7-4f1a-8f08-ea54b4299924,Jessica King,Vermont
502cf0ee-224a-46a6-ac0f-680115b24e1d,Geoffrey Rodriguez DDS,Michigan
2f8d8ded-6c4c-450b-a23a-d0fc93267d25,Patricia Anderson,Arkansas
68bd075b-7eb6-481e-a72f-947d816462cb,Robert Paul,Delaware
82c42e48-8cba-4ae5-becc-daf4c4134dc2,Lisa Allen,West Virginia
593c572b-4347-4bca-b321-a8b20840405a,Kevin Miller,Pennsylvania
c8ebe27a-23a4-470e-9dbc-15c02a7dc57c,Mark Guzman,Utah
f67839b2-22b5-4457-9860-ad28d0afb235,Warren Henson,North Carolina
c4d598f7-e14f-4093-8b6a-d0c7a2356dd4,Cheryl Griffin,West Virginia
755cee2a-f8de-4777-bb1e-5ae817d821b8,Tom Montgomery,Virginia
0c648ca2-c323-4466-aebb-b90ee4e751de,John Juarez,Arkansas
e0688849-eec7-4a30-9fda-35b228b2bf21,Brittany Anderson,Vermont
00473139-185d-4528-b425-8e191758d47e,Michael Snow,Indiana
dc3f42e0-fcf7-4842-9edf-3bfad12e0eb5,Sarah Castro,North Dakota
dc268108-7140-41a1-afc2-ccfc9db7284b,Jacob Soto,Georgia
d8d994b8-d90f-44e9-86dd-f6cab0c30a59,Jeffrey Webb,Oklahoma
91816091-d6c6-445c-9c5e-4e786307d4d1,Tiffany Gibbs,West Virginia
ebc1bb52-82e4-4d4a-943a-c1c54f560ed5,Donald Ponce,New York
d8b22277-f413-4b19-bade-8d5d6fff15cc,Tyler Brown,Florida
58c1aad6-f3f8-4ea4-bf14-eafa29f0ef7c,Cheryl Olsen,Iowa
7fe670f3-0e31-41ec-9c31-146482c299f0,Joseph Palmer Jr.,Utah
e9f87970-cd98-49e2-8d88-8beb090d9655,Jordan Hart,South Dakota
9f6a6a65-bd54-4a04-8dcd-0009c8d57717,Lawrence Clark,Georgia
a2cd1590-58af-493c-8aa2-b4c93ba5bd76,Kenneth Vargas,Maryland
6b790d01-3cf8-4d20-bbad-793f87a1ec02,Timothy Hunt,South Dakota
d1e91691-a320-4116-a22d-f6a48163b6ce,Michelle Green,Maryland
5bb8b9c8-8932-49f3-9ee8-9a4c681134e2,Elizabeth Adams,Washington
07f4fee5-2c82-489f-bd9c-fbb0d1f16485,Danny Ferguson,Alabama
e709fba6-329f-4417-9081-3d45ff45f8a2,Mark Mcmahon,New York
2fe922aa-e886-4011-b6f7-a26c5a9c0679,Casey Marks,South Carolina
61eb64e6-fd49-4e20-84ff-eab2cb7b0b3a,William Mayo,Vermont
0effd5bd-47eb-440d-874e-48ffcf89569d,Brian Wong,Illinois
5a07d758-b357-43f9-b415-7cea07388ba4,Valerie Nguyen,Delaware
b45c9a54-5fa3-4531-9291-6e60f5e72daf,Stacey Baker,California
4e8bf78a-60dd-47f1-ace3-d822d08012b8,Steven Phillips,Alabama
a2dd22d5-2afa-4b7b-91cb-f9e5fb7d3ba1,Miss Alexandra Kelly,Georgia
bb8aa843-702f-41e5-a2cc-c6040c53644b,Diana Scott,Rhode Island
fa60ede1-e5eb-472d-b11c-0ac58c0b393a,Matthew Parrish,Delaware
19ec0829-0db5-4441-a837-f4186f27c1b9,Lauren Sharp,North Dakota
793bed1b-14f9-4394-ba20-74034ab427e3,Theresa Scott,Connecticut
436e3c49-770e-49db-b092-d40143675d58,Lindsey Harris,Kansas
d73e7bb9-0f9c-417b-8db8-dadf3a3e46b0,Frederick Harris,Indiana
924cde09-ccea-4031-844e-250be684390c,Shannon Foster,Connecticut
d5881c1c-25db-4946-a091-e5b4d2938e6e,Nicholas Hamilton,New Mexico
c926a021-19da-4262-8790-3dc5900c0af7,John Crawford,Alaska
54dccba5-e103-4e1c-a3bb-22ae6552ac53,Robert Thompson,North Carolina
b23909f4-dbb5-4645-bdda-c1b6d7c4caed,Terri White,New Hampshire
301c8db3-16db-40db-a543-148e9adfe981,Eric Mcclure,Montana
ec4e8cbb-a2aa-478c-a59e-0258814ff657,Melissa Lopez,Arkansas
62f5f7c2-0706-4ec2-88fa-4e981723ecdb,Jeffery Gibson,Delaware
dd58631b-0522-46b9-8366-663668d576b8,Jennifer Ramsey,Maryland
59450186-da01-4d29-a060-b1ebe53e5f4c,Paul Smith,Montana
f3c2944a-b60a-4dcc-a7f7-745142da8609,James Rodriguez,New Mexico
38eccb4d-b69f-4eab-b9ff-2c2957d9cbb0,Ronald Michael,Idaho
787515b9-1e26-4d31-99e9-275876b90436,Randy Adams,Kansas
69c165ae-4c61-4ae8-87a3-7f1061b512ed,Linda Sparks,Ohio
c768b07f-2e2b-4c6c-b736-0c4fdcc5d975,Rickey Daniels,Kentucky
288f3435-c3b5-44db-9387-03c92b29bf36,Sarah Miller,South Carolina
4c56fb8f-0bb4-42b3-92e7-6deb10b6a662,Peter Stafford,Utah
3a799efa-04e5-4bd5-a744-acd4cfdfc6f9,Elizabeth Mendoza,New Hampshire
9f85c2dd-88e4-4a48-8570-9e30417b6634,Joshua Adams,Texas
61584f88-71be-44c3-aab1-cdb61da466fe,Alisha Williams,South Carolina
8532fc74-a998-4bdf-99d9-d0b5a962d996,Ashley Tanner,Delaware
352b6ec8-e90d-41cb-bf11-1a368c52d271,Aaron Walker,Nevada
6d0e0597-500d-42a7-ad40-9244cd3566ef,James Gomez,Georgia
1d24181c-2ed0-47d4-97bc-ad3ad0a17fe8,Thomas Cohen,South Dakota
cd613988-7b90-442f-973b-6977e9462820,Michelle Valenzuela,Alaska
39571344-90a4-4421-b949-3906939f44eb,William Walker DVM,Idaho
3dab1614-5215-4ed8-bddc-a413c05db774,Billy Cook,Georgia
e3de4ec0-4dfa-41be-a335-b2c89e7b1e95,Tim Miller,West Virginia
38c46b38-a8ae-47b9-8262-cad018f1a1e4,Chris Patterson,Texas
41191aa7-1b61-4453-a8c2-094db8b818cf,Christopher Coleman,Kansas
d6bca712-6ecc-4931-af70-5d018da03d88,Melissa Weber,Hawaii
d7d3b9d9-4c85-4233-8325-bd9ebf98e734,Shawn Nelson,North Carolina
e0a25901-4932-436e-88ad-dab1d7654a18,Mr. Derek Meadows DDS,West Virginia
638e1388-8faf-4d4a-a5a9-9ebcbe0ec2da,Shannon Spence,Vermont
0351b09d-0dc5-4b06-8d58-09b7f740d87c,Bridget Hernandez,Ohio
9a7791a2-bd0b-4fa2-8bee-f83f96a06bf2,Robert Bray,Illinois
0171f5a7-4148-4d11-9894-62e895801c3a,Ashley Simmons,New Mexico
929af586-ca37-4c36-bd94-bf104d187b75,Brianna Morris,New Mexico
3e6b74fd-9f02-4cbf-ab29-d9129d1b83df,Randall Gomez,Maine
c53f1db3-d275-4d43-8451-7303e94d4fbe,John Dudley DDS,Maine
01e06ad8-8880-4d4d-89b8-b7eec5f833cf,Brenda Raymond,Texas
2d90e4ee-0de4-433e-92c0-620c1667c518,Janet Dunn,Connecticut
b864a47b-a434-47fb-8182-978288eae7d4,Katherine Herrera,Pennsylvania
795741bb-07e3-439a-a925-2745d2769c96,Bradley Espinoza,New York
a5df6f85-bab5-43fb-9dfc-d1d5cb863dea,Paula Shepherd,Mississippi
d5b211a9-9dec-4b83-b885-8f7e2f1a25a8,Brandon Ward,Texas
11defebf-9e98-461d-88fe-bf6d199c8d94,Samuel Cox,Louisiana
2b2bf58c-6da5-4dad-b56a-abc050fb35b0,Casey Rodriguez,Montana
8d3a5d76-7caa-481b-8e33-6644c65720ae,Heather Atkinson,Missouri
d0095507-07fc-484e-a1b2-462781d67019,Brenda Stevens,Vermont
723b80d4-23ef-4561-839e-7623c1d841d3,Kristen Velazquez,Connecticut
ca9d2704-e860-4cb1-8494-205c34ef2552,Daniel Walker,New Jersey
a741104b-9672-4e98-9d84-16e060e696ff,Autumn Dominguez,Nebraska
709d338b-2393-4d45-a1cc-ff0d8078636d,Nicholas Horton,Nevada
92d00319-20bd-4422-8b0b-81de3e612d66,Anthony Rodriguez,Georgia
f27f3ad7-4890-4b6d-9240-ef02a9681fc1,Karen Wheeler,Alaska
d209383b-9528-4c0a-8b6b-f5622488c84d,Charles Thomas,Maine
79d29001-2d6b-4a4e-98a7-06099b02c535,Adam Guerra,New Jersey
5ed10e7f-6bb1-42bc-85a4-b0cb6e76936a,Preston Harrison,Delaware
3b85f6e1-c40f-4405-ba25-ed81412817eb,Joseph Rush,Oregon
6001f54d-01d7-4831-850f-1cdc1e2a03f1,Nathan Wallace,Missouri
3425449c-c145-46ba-a5bf-8e04ae3c2ce6,Alexis Rodriguez,Alabama
dae13586-2358-455c-bc5c-3cd865ebd4dc,Marvin Munoz,Pennsylvania
639c4c6c-2926-405d-8d53-551ab4f02f6f,Christopher Sanders,Maryland
fc04ca7a-ee41-4f16-a263-307cb9787c4b,Travis Gibson,Arizona
5c17ebb5-093b-4d72-ac8c-dcaf2b633b18,Deanna Armstrong,Tennessee
31cc6738-f68a-49b7-9b3a-a1d139ee80ab,Darren Huynh,Tennessee
56f401e5-c1e9-44fa-be47-27fdc51c91f4,Brandon Gray,Texas
13769ff9-578c-4875-9231-f372bfb0942c,Natalie Morales,South Carolina
5b249c2a-9e5c-4dcd-961a-080a3fec0a37,James Carson,New Hampshire
7b777e71-d917-48f8-8ad1-c18cf53f091e,Lisa Jones,Arizona
0227b8d5-b070-4a53-90ce-857f75c72fb6,Karen Delgado,Minnesota
9cf3137e-f562-437b-b8aa-16ea44f7f01a,James Brown,Florida
cccf4130-2556-43d4-b231-32fa618192de,Jeff Nelson,New Jersey
65fdaadb-0c36-4d4e-915d-9a63dbc6c928,Jack Maxwell,Washington
696929b2-0513-4da8-9819-93cc41f9994a,David Martin,New Jersey
49599bed-9d19-41a5-a18d-de71141283fb,Daniel Smith,Louisiana
50405c43-3a6c-4da6-97f7-d71f2978cc73,Chelsea Harris,Alabama
b360dfaa-be6e-4d47-b0c0-804b406bf02d,Cynthia Miller,Hawaii
154ff37d-fefa-4198-83d6-cd548623bc74,Amanda Downs,Minnesota
5b59f28e-a9de-4b26-88ff-eab0075072d6,Mr. Brandon Parker,North Carolina
a18c5492-74e0-479a-98fb-47279740b212,Dr. Tina Porter,North Carolina
d913057d-c21f-44fc-90bc-bad585f80d9b,James Kelly,Indiana
3ff93134-650e-48e4-afe6-33f18f807d8b,Michael Rivera,Minnesota
2eb23ca3-1186-4a93-9a7d-cc533020cf06,Kathy Shaw,Virginia
17172654-3b99-4815-8219-a9c7ba23b07a,Allison Flynn,North Dakota
3133839e-2e7d-452b-b85b-8a078b0ea0b9,Sean Johnson,Missouri
aa7f7e06-8569-4f97-980d-c855c55ffde8,Michael Miller,North Carolina
95aeb18b-46ae-4e06-8b5d-2b592ad820ca,Tiffany Hall,California
a502dc4b-5b03-44d8-8f4d-6c400f5f9707,Michael Thomas,Idaho
b972393a-5bb0-4d76-a0b5-7717b072afc8,Wendy Mason,Tennessee
ea1af7d2-9943-46bb-94d3-53a5de1f1619,Lisa Mills PhD,Georgia
5295ea96-487b-45d7-9cf0-23dd277529a2,Carlos Carter,Minnesota
7d6ab7c2-a86d-4706-a37b-3648d617b9c0,Teresa Williams,Tennessee
f5e90352-3745-49f2-b1d1-88b913f39289,Melanie Allen,Washington
b3da5808-756e-467d-acab-8b695ba37cb5,Lisa Rubio DDS,Oregon
60042231-36c3-4e85-8bae-295e902a405c,Anne Smith PhD,Michigan
d284b528-b091-4fb7-b17f-3f92d26aa790,Sean Salinas,New Jersey
b93c92d5-13c3-4b5d-bbf8-da9137a9f824,Kathryn Gibson,Virginia
edbc36d8-9a30-4096-9977-66bea71c8948,Edward Jones,Florida
388629ff-b2a0-4778-809d-644453ab3cce,Heather Jones,Louisiana
560f1e2d-21d7-4432-a5e4-240364f2502e,Julia Andersen,Wisconsin
7ce4770e-32b7-4d80-8f2e-08d37b1dbca3,Pamela Ramos,Texas
a7c8f0c5-9808-452c-9832-c8de521be8c2,Teresa Bonilla,Maryland
1cc464ed-15f7-4f61-9a4e-c04cba7e1b86,Jack Mitchell MD,Montana
85f4c0a2-8be2-4516-b42c-5348363d75f1,Melanie Alexander,California
457498ca-a90e-419d-a37e-3f94110c8d92,Lori Edwards,Tennessee
04b40ac9-2831-4f0d-be90-63fb64b5d9a5,Jason Cole,New Mexico
d09a934b-fffc-4743-a3f1-6406631d9c8b,Wendy Williams,Missouri
61d85365-bada-4c94-9679-bbe023238416,Amy Gibbs,New Mexico
33ca9a6b-ccd3-4f7c-af1d-cfb88a962a11,Kristina Moore,Rhode Island
b82d40de-f2d7-4d53-8870-2ae78eadda9a,James Hudson,Texas
ef0b743e-bee0-4762-b168-bdec4da838b7,Courtney Sawyer,Idaho
233408ba-794e-4838-bdcf-60fd633098ed,Hannah Mcdonald,Oregon
345e2eaf-c1fd-4581-b3ec-e6b1fcfd8547,Sabrina Rodriguez,Virginia
9803a82e-926a-4bd0-be12-5f8ff06b6c12,Brian Moyer,North Carolina
172720fa-73a2-4c7b-a566-e884d473e687,Jeffrey Morales,Wyoming
15d6a658-5ce9-4bbc-a252-91f3730bc657,Grant Munoz,Texas
40cbe188-c3f0-4ac3-9f60-1d1700e78824,Patrick Wilson,North Dakota
a8d3110e-96bf-4e6e-b785-0b5c3ce5988c,Joshua Fry,Kentucky
9c7060da-48cd-49c5-ac0e-1f71294d43ed,Daniel Carroll,Florida
46404b2a-dc02-48af-b1d2-94571f3cea1d,Patricia Brown PhD,Vermont
7f13de67-9008-4dc9-9d42-1bae2134e15b,Veronica Lewis,Massachusetts
ccb03fc5-3513-4238-991b-1a04bccaba38,Alexander Blake,Pennsylvania
55520712-af92-4f22-9d24-67e20191d19d,David Thompson,Pennsylvania
a090360d-27c7-455a-bb43-4a7222c0c475,Donald Miller,Minnesota
9b0e70ad-922b-4a48-aa7c-f9e9d7a7e7b1,Jocelyn Barnes,Pennsylvania
30b1b67b-2771-4422-8003-8f26e7ab2ef7,Steven White,South Carolina
d91ea7e6-afe2-4940-8b45-8c23eeada90c,Steven Patterson,Montana
46d28109-495c-4ac8-b14a-abdd33579b27,Elizabeth Gonzalez,California
e73e2bc5-7882-4064-876c-108d214c87b1,Karen Nichols,Arizona
cf2e45ef-abbe-474a-8226-ab53b680873b,Tracie Kim,Alaska
3b504fda-7875-41c7-b724-3aa3c438eae0,Laura Morrow,Washington
740a5bed-5323-4aff-a1e5-38a1dc5cd673,Stephanie Gonzalez,Hawaii
b1ade82a-d05c-478d-b54f-184e57390b03,Laura Thomas,Iowa
000c14a5-cf51-4203-a2d9-99bac146ed52,Samantha Navarro,Connecticut
fc862110-9c8a-4872-8214-1a68952d986c,Morgan Smith,Texas
2023fd4b-ab89-436b-9f6b-9b3fff594778,Taylor Porter,Connecticut
74be4b20-dc32-48a0-aa75-80e2ce52309d,Ricky Craig,New York
e3d1803c-85fa-45ea-9407-2edb8456ce4f,Nathan Mcneil,Utah
54de19cd-bbdb-4536-92ef-63c1781f9d3f,Shannon Walters,New Mexico
03a2cee9-41c7-49b3-9b9c-9b7c4674a0eb,Laura Johnson,Massachusetts
cca3a4c4-2e49-42cf-bc23-9ebc3c775558,Chelsea Horton,Wisconsin
ec264a0c-c09f-4c91-b2c0-a0cfbf03b8c2,Lindsay Robinson,Iowa
eb04cd29-9c48-4830-ae89-84f4d82010d1,Corey Frazier,Wyoming
69479974-030f-473e-9165-4cb3d4e99a65,Jacqueline Cox,Washington
a3596667-9971-4b2b-b353-3e8a3781d306,Eric Fuentes,Kansas
2f4cfefb-f798-48a2-8d9e-84ec90e9e294,Jonathan Duarte,Connecticut
0ff89e8a-c6f0-4a71-86fc-4ff212f178bd,Guy Clayton,Idaho
12aada4b-08ec-44c8-9a71-064d424d9430,William Rogers,Washington
642e3a16-e795-43fb-946f-cba3b336d143,Judy Brooks,Missouri
2d36db7e-33ff-4402-a5d5-bbf94a3abb3a,Carla Graham,Wisconsin
7feb4cf3-4ec7-4371-a4b6-5cfa8a619e64,Matthew Frazier,Nebraska
2621d32d-895c-467f-9fcf-338cdec56dc3,Michaela Pace,California
cc96bf43-9850-4072-bf44-cbca1d3ae131,Annette Miller,Arkansas
94fd0594-ecf9-4245-be5f-7e23704c19e2,Ann Smith,South Carolina
b13e655f-79db-4407-85c6-ab7dcad04982,Ashley Brady,Kentucky
6b358d15-590c-4e67-8d1b-6d80c8575c8a,Kimberly Schultz,Delaware
46c3e497-3546-4cb1-a8c9-aa31a05ff5e6,Renee Contreras,Arizona
35a7ac9b-48f9-4d0d-9d3b-c1d3a5159982,Christy Frank,West Virginia
ad463549-bf41-43cb-b2e1-5f176b47ed61,Ashley Gates,California
251adf0e-6f94-4a50-a3f7-13a70de92f1b,Heather Leon,New Hampshire
083759f8-2090-435e-95fc-f99133c417d5,Terry Newman,Wisconsin
93ffc45f-2b80-444a-a7d3-f7709c8d1ade,Jennifer Ayers,Mississippi
fdc419b2-0a41-4919-8b52-46f3faed5777,Katie Adams,Rhode Island
173a0c96-ffbb-4bcc-a5cb-bf6f3d333164,Elizabeth Orr,South Dakota
76b90472-7470-424c-b9f6-b641063ff61e,Megan Smith,Alaska
b0d508a9-e4b8-4e89-a287-729e12194d94,Amanda Johnson,Idaho
1c684db0-0d33-4496-a352-85395d2e7b90,Sara Stone,Massachusetts
5f70b951-1038-4676-8df1-172a46f2ff38,Emily Jackson,Connecticut
49d2cac0-2dc6-4c90-a5df-c7af6403c4bc,Jessica Peters,Vermont
057fdd20-a50a-4a29-bcda-835f71a0cff8,Luis Long,New Hampshire
71fc5136-8c68-420e-9787-463d87b8f95c,Timothy Patterson,Missouri
f4ca6e70-74b7-49ec-88cd-42c05a66219e,Jeanette Chandler,Florida
08e1624e-b506-424d-8fff-29f734850fcd,Evan Moore,South Dakota
92dfcf99-fe7b-478d-bb0e-7c28c110bcfe,Michael Martinez,Oregon
66d137f6-0659-410a-8ede-79b61deb979d,Kenneth Myers,Oklahoma
aab133ba-e88f-4ab5-8e59-22e9f182cdf7,Sydney Hood,Illinois
3531518a-24c5-4b47-9609-34d199125090,Frank Davis,Illinois
764d7e7c-8e49-40f9-acc5-c9de6a1d9731,Adam Carrillo,Kentucky
1fca0f16-78f8-455f-a2f5-a68bd590f435,Luke Stephens,New York
047dd583-9344-4b2f-bba3-16688334e524,Laura Johnson,New Hampshire
a391ffdb-8794-4c7e-8aaa-7f994a34041e,Victoria Walters,Utah
b2adffa6-af79-4d4a-857e-55cb4d131338,Chelsea Delgado,Maine
d89806fd-8691-4efe-b3d6-b9f2d4d7b0ca,Cory Pittman,Iowa
b5bbabce-2c15-44ad-9790-4515f859396d,Renee Gray,Illinois
04d07f29-13e6-45fd-9c99-d366c8b62c18,Anthony Miller,West Virginia
8141bb37-3de8-44ac-9cea-b67bba82854a,Alexander Mercer,Hawaii
b52f80c9-d9ee-4678-8112-f0ffeba46463,Ashley Ho,Nevada
7eedcc65-22cb-4720-850c-ddfd1c3dae19,Charles Green,North Dakota
65787d0c-1aec-4b70-ac0e-73077ddcaaf6,Billy Kirk,Illinois
a4d21eae-cd0d-4d73-8a1c-3218c19d11c5,Christine Garcia,Colorado
c0697f1d-a93c-4413-9396-a289c29a988f,Jennifer Tucker,Pennsylvania
c7859c05-dc40-4942-a8cf-29368e81b2f0,Christine Barnes,Alaska
7ea413e5-436d-477b-a431-cbbe0e44c9dc,Madeline Hayes,South Dakota
3e85c8c4-a947-4663-8e73-752359ecc846,Edwin Berger,Texas
444122a5-6bd1-4826-a6c2-cbb783c74cbe,Lynn Bond,Connecticut
7d05121c-ceee-4d65-9904-8ca79291e493,Grant Reed,Indiana
d7232ce3-1348-4fb3-8982-a300f95f17e6,Lindsay Smith DDS,Arizona
79ab3018-87f3-49a4-8d1a-810d910171d2,Bryan Obrien,Florida
a0ba6142-04c3-4fed-a182-701b2e3bdb69,Kelly Hodges,Alabama
e94053af-d488-4dff-9c35-25775193412d,Jacob Roach,Mississippi
31216863-2663-4d11-9d12-2ccf3d0d3ffd,Charles Miller,Wyoming
45d07382-28cb-47ca-b3b5-a667097913a0,Beth Hill,Nebraska
157c6813-e581-420f-9c0d-b2660e29ed9a,Brandon Erickson,Oregon
80104995-bc06-486b-922b-4fb21ca79972,Julie Lamb,Ohio
36cfd2d5-2cd6-48df-9b58-29c924ef65a7,Travis Nielsen,California
bd4c938c-d76a-45a8-88e9-45489b16acb8,Craig Mathis,Michigan
af6c6f61-cfef-42a2-a735-4db25ce4124b,Tonya Garcia,Idaho
ea77d1d6-2904-46d6-a3e7-35abdc02bc29,Laurie Martin,Utah
552d4865-d756-4d35-ad2e-ebea69b7d533,Nathan Hamilton,Washington
a41f0d38-ca80-4df8-b182-fcf2a151ed02,Kyle Nelson,Washington
d4a39a51-c481-4a69-b83b-f029b6ac2048,Brian Reyes,Tennessee
d5ad86bc-f1db-4ad8-a098-0b94e05b1892,Harry Hurst,North Dakota
d3c724e8-7426-42d7-ada4-13c6eb8466e4,Joanna Preston,New York
f9723977-52c0-4f9b-9f16-eb702219b7f7,Dawn Ortiz,Illinois
abd7d3f1-650a-49aa-ba3f-012e4d711f28,Sherry Clements,Indiana
87c9daac-b5d3-4f2f-913b-b65c16f32b93,Jennifer Wilson,Oregon
305d0ef7-0d9f-483d-b0a3-2883cc582872,Jessica Lopez,New Mexico
0a715350-7eb2-4900-ad5d-6510e52a33e6,Daniel Watson,North Carolina
eba0330c-6a9a-4f4b-ae39-c29a921f266f,Ernest Smith,Minnesota
d6442365-1b27-45f6-b383-24f7eddcac0a,Michelle Lewis,Minnesota
8c126e0e-121a-4952-be69-ad390e378b07,Erica Hall,South Carolina
cd14eacb-7da8-4631-8c6d-8ddd1edfc59e,Drew Lewis,Oklahoma
afad328e-a5c9-4f20-b967-26aaad2b2c82,Justin Moran,Florida
1b8dc821-836f-424b-8b8b-56f7ead44e11,Rhonda Powers,California
0b961346-6498-4a39-97c8-f02c2ea5312a,Maria Fleming,New Hampshire
2febcc33-cf5c-4dd3-9f10-7434eb096202,Robert Gonzalez,Nevada
b0cf3e7f-5c58-48ba-9de2-fd3ff952f1e8,Johnny Williams,South Dakota
7957595f-25ee-4f0f-b6a3-0eb0c50c71f4,Bryan Chavez,Missouri
55773297-0d09-4c73-a448-a3d5d5767137,Leslie Young,California
9888f0d9-9423-451e-bcb1-2a007ee667de,Albert Logan,Oregon
792cad76-e39e-47c2-aac9-8528a5f701fe,Abigail Murray,Colorado
9670cd19-383e-49a4-81f4-6dfd3b6b1c0d,Walter Johnson,Florida
9f310fff-297a-4503-9833-33c3f88fa199,Kelsey Rogers,North Dakota
80e3fe4f-e4fb-4a3b-9c05-ae03d3f471e7,John Gallegos,Maryland
83f06e7d-dfaa-4505-b0ac-b9bada78f4c5,Eric Stewart,Connecticut
7f968d71-8182-40d2-8310-1e2e7107514f,Bobby Hampton,Delaware
5c532042-6a3e-4103-813d-8929b717548d,Anthony Evans DVM,New York
714cd65e-079e-4b0b-b198-f62e5c9d3ead,Martin Lozano PhD,Iowa
0ecc9ff5-9316-4f53-a70a-f82826a4cbef,Ashley Walker,Arkansas
3483a23b-a4d5-46e1-b239-720167687c42,Brenda Holder,Rhode Island
fca91028-6c39-42ef-b9fc-829f4dcf2615,Misty Perez,Ohio
23d52be0-ac24-4f30-92a0-c677b700b3c5,Nathaniel Burnett,Michigan
b063796a-70a9-4477-bf1b-654d6c65659d,Kimberly Smith,Alaska
273ef6f4-85d4-4f0f-8a4f-ee3b4a229ba5,Amy Ware,Iowa
7b2e60e1-6ae6-4480-8b70-4f97ded44617,Anthony Torres,Maine
ddc8d27b-2623-491a-b2f6-8fe1aacefa98,Michael Conner,Kentucky
ddaf2233-16a9-4518-a55a-c92f47020de0,Michael Buckley,Missouri
8ab5a799-9e63-438c-b485-e9443142e0c7,Barbara Flores,Virginia
dc11eb13-0628-4878-aa39-46072e35c5c8,Kevin Horn,Minnesota
4c4b52aa-0ef9-4903-b69a-deac06f4b0ee,Mallory Barnett,California
7bf2aa06-10c1-4e9c-a836-29ce8d9957fa,Cynthia Woods,Hawaii
91788bdd-4dfb-4b6e-a025-7194c903cc1d,Douglas Barton MD,Maine
f8da5a79-a72e-4d5f-8a0c-408d9ee827fa,Ralph Dawson,California
d7371450-95cc-4da2-b677-0e04a1d8507b,Russell Sanchez,Ohio
f5194ab9-813b-464b-9c46-24d335fa46fe,Savannah Neal,Oregon
89c2fba5-648d-44c0-8330-ec147d2d93e8,Johnny Lewis,Kansas
1f982a0d-ac18-4ef9-b1f7-1addabeed5b2,Julie Cruz,North Dakota
47f86de4-c227-40f2-8510-6943be3eb6f7,Gilbert Cervantes DDS,South Carolina
8d41cb4c-2ba4-4308-be77-86aa80155756,Emily Blackburn,North Carolina
ba991da0-85e8-4165-a189-6b253a5bece9,Mary Abbott,Maryland
da968e7d-0d46-4159-a668-5e80f16d4fe8,Carlos Rangel,Montana
884c0a55-6b89-4000-ab1b-b47f47269e7f,Jesse Oliver,South Carolina
573ecc3a-f574-475b-bd05-1bf4793c4fbf,James Jones,Arkansas
15e59a0f-1ff4-4f0a-9435-0cb1724af3fb,Michael Lynn,Ohio
10d7a164-6e8d-4018-a04d-ac849c595e03,Ashley Murray,Vermont
a6a2c945-56f1-4afb-99ed-59a59e85e4d4,Brian Smith,Delaware
d73d52ba-ca17-41d0-97c7-68d6114a9827,Derek Alvarez,Pennsylvania
4f05495e-7832-459c-a5bc-99ae2547a8dc,Heather Wilson,New Mexico
55edd864-f68b-4ba0-90eb-ba129412ba0f,Heather Lewis,Kentucky
fd68a5d7-d37a-430a-af2a-a5e8667ae277,Jeffrey Cook,Tennessee
f9adde7d-0b3d-48ad-9c23-0306c3f9f409,Jacob Williams,Alaska
610114f4-2322-4464-ad6d-84efd4d9a0ae,Timothy Lee,Arizona
10bc94d3-b600-4df4-a0de-06766f082598,Christopher Hill,Michigan
47b2e24d-cbad-4916-a124-3bea0da26154,Kelly Rodriguez,Nebraska
7bb95b07-b1cb-42d0-8685-92d25fb68406,David Rodriguez,Kentucky
e3826da1-6cce-4c23-8e55-f3fe37f5c238,Steven Johnston,Illinois
8073aa66-d7b4-4b17-8b65-85171519613c,Joseph Hill,Michigan
c09c3207-dae1-4a7f-bf97-79f7234b20fd,Melissa Sullivan,Wisconsin
d07c5e53-b8f6-403b-b7ff-3c31c1f37837,Daniel Holloway,Arkansas
56fe972b-5acb-487d-9594-9c84a8aa454e,Kathleen Jackson,Florida
9174f53b-548b-4c63-be87-a6bcf3e00dc5,Mark Mccarthy,Indiana
f686cfa7-e94d-4d1e-91ca-2a0b32f194d8,Aaron Lopez,Oklahoma
6b1d20b9-8954-4c3d-a10f-2a8a1c59b736,Lisa Stevenson,Washington
49b49625-1752-415c-bcbf-15830a0175e5,Melissa Jackson,Michigan
379e03dd-e6f8-4ac3-b8ef-d250b9fe60c6,Carol Cook,Wisconsin
53bd8128-22f0-4403-aac9-7d37b5878d33,Victor Wade,Texas
45f3dc5a-ad68-4b45-82de-b2e6c37a927b,Alex Mccann,Arkansas
c5bca449-0c75-4a17-8131-c6019923fc7a,Carolyn Wolf,Kansas
a0751372-8fe2-474f-929b-20e053bf8b10,Harold Wells,New York
10e67176-3858-4966-b572-56f63677f5b4,Shane Kennedy,California
c57ae3ff-f8ed-48ae-acaf-8800ad8ae364,Alan Frazier,Oregon
e97f995d-9bc8-46f6-8484-a1b355c974a4,Darren Gordon,South Carolina
fa41dd2e-cab2-4438-8557-ec6c0a23b722,Patricia Garcia,Vermont
fdf48930-a265-4f65-8d56-e00031456a6c,Gabriela Henry,Wisconsin
4fbc0984-7792-4d9e-b998-e2d36d1e0d7d,Joshua Alvarado,Arizona
7880adc6-2af2-4718-a0b2-17f965f35984,Jimmy Carey,Minnesota
ba059e68-8d87-47be-a71d-d0f18985c98d,Gene Holmes,California
6790eee0-7dcf-4924-9fcf-5c22b9b03c1a,Sharon Anthony,Nebraska
593c73f2-b8e5-4141-8067-6073e9c000f0,Mr. Joseph Bowman,Rhode Island
7499bb6b-9afd-4464-82e6-918c25dbbe8d,Jason Robinson,West Virginia
e041f0a3-3056-487f-a8f2-6d6384bed7ed,Heather Johnson DDS,South Carolina
a2dcb574-1bf9-42a5-96c0-68e8de922cf1,Jessica Clark,Colorado
2d28a2a8-2bae-4fc7-ae52-b671bba8a7e5,Thomas Gray,Oklahoma
68a69e71-df22-4246-a6fb-61d3fba26c21,Donald Sims,New Mexico
cab285dc-85b7-4774-b608-937418caa0a9,Susan Archer,Florida
60e12973-6602-47ed-aa42-92035c784ca4,Carrie Lozano,Louisiana
a23f3abf-0441-422c-927a-9f7bd007cd41,Gary Lawrence,Washington
fca39bae-79e3-402e-ae4b-d350f104ad27,Desiree Lee,Arizona
7f780428-20bb-459a-8820-7d4e812fdd98,Mia Flowers,Connecticut
3e4c943a-3dab-4a61-8a69-3650a9a2e9cd,Robert Knight,Arizona
22c0eee9-aa5c-48cd-9f83-5b8dabac8660,Hannah Rodriguez,New York
f43dd740-5039-4a8c-9a73-dae0209e6e48,Timothy Thomas,North Carolina
a9eb0bf9-850e-4d30-a055-adeccbebb43f,Kelly Roberts,Iowa
